,ds_skill
0,Data Analysis
1,Data Visualization
2,Machine Learning
3,Statistical Modeling
4,Predictive Analytics
5,Data Mining
6,Natural Language Processing
7,Deep Learning
8,Neural Networks
9,Artificial Intelligence
10,Big Data Analytics
11,Time Series Analysis
12,Regression Analysis
13,Clustering
14,Classification
15,Sentiment Analysis
16,Text Analytics
17,Image Processing
18,Web Scraping
19,Data Cleaning
20,Data Wrangling
21,Data Preprocessing
22,Feature Engineering
23,Dimensionality Reduction
24,Ensemble Methods
25,Model Evaluation
26,Model Selection
27,Hyperparameter Tuning
28,Reinforcement Learning
29,Bayesian Inference
