,Email,Name,URL,SSN,Location,GPE,Organization,MAC Address,IP Address,Credit Card Number,Mastercard Number,Twitter URL Profiles,Instagram URL Profiles,Instagram Handles,IFSC,Phone No
0,sarahwilson@example.net,Luis Carrillo,https://clayton.com/,364-92-8580,Brittanyshire,Uzbekistan,"Lane, Eaton and Cook",63:3d:7d:f7:c7:dd,3.130.177.73,4790292743150962,2720932818264748,http://www.baker-mcclure.org/list/homepage/,https://smith.org/faq/,@sarahmartin,TUUL73633895181815,+19162434837
1,derek02@example.net,John Noble,http://miller-wiggins.biz/,295-05-6548,Lake Gregoryhaven,Saint Pierre and Miquelon,Williams-Anderson,1a:bd:fb:96:ab:0c,190.240.34.141,4949617955659989,2235256127805217,http://www.austin.net/author/,http://www.mitchell-romero.com/,@robert70,FMLY71060751142557,+447911123456
2,michael58@example.com,Sara Larson,https://bailey-acosta.com/,490-55-9885,Alvaradofurt,Italy,Jackson-Tucker,0c:d1:6f:8e:0e:cf,139.111.140.178,4178637543707522,2543192019383061,https://www.carrillo-martin.org/faq.php,https://scott.com/home/,@agraham,KOWW41431072574499,+61491570156
3,donnacox@example.org,Emily James,http://www.flowers-mitchell.biz/,862-26-9095,West Ronaldmouth,Vietnam,Webb and Sons,65:79:f0:e1:78:9d,149.73.228.86,4484825901530383,2637037844091727,http://www.matthews.com/terms.html,http://park.com/tag/blog/search/,@wwagner,OMLD93935480099967,+554498407676
4,sethbrown@example.org,Steven Alvarez,http://www.young-hernandez.com/,753-25-5324,East Bradmouth,Israel,Jones-Byrd,f8:f8:4a:66:9b:8c,223.66.57.36,4415184438029541,2344659274891393,http://www.smith.com/,http://www.chavez-calhoun.com/tag/author/,@cwhite,DNQC04388776788409,+27825678742
5,tfuller@example.org,Benjamin Castro,http://taylor.com/,436-81-2056,Stewartland,Macedonia,Williams-Johnson,22:29:4d:d6:69:45,61.66.164.104,4857662353422648,5124839502895585,https://martin.net/register.htm,https://garcia-morton.org/,@natasha64,MUHM36787498376928,+5511983097104
6,martinjames@example.net,Brad Gomez,http://www.castro.org/,894-13-4214,East Nathan,New Caledonia,"Ellis, Kerr and Hall",8c:fb:e0:a8:ce:44,81.147.223.160,4634748973616071,2261289830716766,http://leblanc-castaneda.biz/list/categories/posts/faq.htm,http://www.brown.com/posts/app/register/,@iwright,LIWW58500561945411,+33772743823
7,john76@example.net,Kevin Cooper,http://jackson.net/,211-66-7087,Lake Christopher,Saint Helena,"Fritz, Clarke and Cook",42:a3:76:d3:69:7d,140.116.163.154,4242585774514293,2720816171445749,http://www.reid.com/tags/app/login.html,http://www.moore-flores.biz/homepage.html,@aprilwilson,RHJO36202184237582,+41791112233
8,alexander99@example.net,Tanya Wade,http://myers.net/,385-88-5215,East Jane,Yemen,Garcia-Collins,b5:93:bf:2f:fd:fc,136.4.74.69,4776254161320988,2720159230576638,http://www.hudson.biz/explore/home/,https://scott.com/tags/posts/search/terms.asp,@hannah61,UDBG38592111313156,+8618512345678
9,rebeccagibson@example.net,Craig Carter,http://www.baker.com/,350-19-4532,South Andrewborough,Bosnia and Herzegovina,Smith-Brown,66:66:4c:da:07:31,159.43.63.96,4353779855755298,2295826279190746,https://boyd.com/category/search/search/,https://www.navarro.com/,@greendominique,FJJP63097131160132,+8613612345678
10,nsmith@example.net,John Raymond,https://powell.org/,345-52-8772,New Darrellville,Italy,Williams Inc,0c:3b:51:f5:6b:fc,15.54.197.191,4426341368650467,2275959997769691,http://www.thompson.net/homepage/,https://www.rodriguez.net/search.htm,@elizabethmarshall,ZMCC99059152740573,+81401234567
11,georgedixon@example.org,Thomas Walker,https://www.byrd.com/,687-60-1918,Terriside,Netherlands Antilles,Key PLC,1d:61:90:ae:2b:a6,102.183.231.129,4041104542566172,2387831464685335,https://www.bailey.com/index/,https://meyer.com/search.html,@kevincarr,HWDJ80186700051339,+81409876543
12,michael26@example.org,Mr. Eric Robertson,http://smith.com/,479-99-5015,Hensonfurt,Mauritius,Jenkins-Brown,39:6e:4e:f9:75:36,218.213.250.56,4722877706953247,2240606575449707,https://www.booth.org/,https://townsend.com/about.html,@shieldsraven,XZEK22846958500717,+818012345678
13,oellis@example.net,Thomas Sanders,http://george-jarvis.com/,631-21-9188,East William,Thailand,Wise-Reed,6b:0e:c5:99:74:c9,212.134.62.152,4203412860011240,2487124227198542,https://mcintyre-mccarthy.org/,http://mcguire.com/author.htm,@hartmanteresa,ZEYM35027742852775,+819012345678
14,maynardjessica@example.com,Jordan Harper,https://payne.net/,058-23-9701,Vasquezville,Lithuania,Sharp-Fitzgerald,84:89:28:c3:a4:c8,91.97.242.29,4355517754791438,2649491182987010,http://www.brown.com/home/,https://underwood-hancock.info/main.php,@fwoods,EGOP80771775247047,+14155552671
15,joshua81@example.net,Kari Lane,https://smith-gregory.com/,555-73-8539,Howardbury,Saudi Arabia,Nelson and Sons,a0:6b:ac:61:6a:08,6.88.142.49,4782622507718150,5442372026018877,http://choi.net/posts/privacy/,http://boyd-ayala.com/author/,@qpotts,KWLH86872287523224,+14155552672
16,glandry@example.com,Allison Wilson,http://www.hernandez.info/,420-96-9115,Kirbyhaven,Swaziland,Clark-Trujillo,3f:05:2e:3e:67:f4,202.223.178.252,4212361198479588,2577073724736463,http://clay.com/author/,http://garcia.com/post/,@troy49,TZXD59592902125508,+14155552673
17,iwoodard@example.com,Jackson Pruitt II,http://www.cannon.com/,323-57-8054,Lake Stephanie,Pitcairn Islands,Dudley and Sons,8d:2d:5b:71:cb:36,38.176.71.106,4077435794119550,2284489795449402,https://campbell-buck.com/login.htm,https://www.wong-anderson.com/posts/home/,@wcole,HBNA02773524012322,+14155552674
18,alyssa46@example.org,Jamie Castro,http://stewart.com/,242-45-0320,Brittanyton,Ethiopia,"Briggs, Boyle and Wagner",67:e7:0e:ec:aa:32,168.141.110.10,4664737936841119,2707329792190808,http://www.conner.com/terms/,http://williams-payne.net/blog/index.html,@freymaria,DUCW07365795607588,+14155552675
19,chapmanruth@example.net,Jose Lynch,https://www.gomez.org/,330-49-9142,Michelleborough,Vanuatu,Watson Inc,4c:64:51:86:7c:bf,151.105.231.193,4883936143006368,5258098474926963,http://www.savage.com/posts/wp-content/about/,https://miller.org/category/tag/search/homepage/,@jwalker,FHLX49646210413978,+14155552676
20,richardreilly@example.net,Amy Ochoa,https://wyatt-hebert.com/,750-97-2706,Claytonstad,Mauritius,Johnson-Richmond,36:bc:12:d2:dd:4c,43.11.190.60,4042850310810403,2720167116767791,https://bond.com/posts/blog/home/,http://www.johnson-raymond.com/,@donaldmendoza,UVMM07500355715551,+14155552677
21,david43@example.com,Scott Pitts,http://lang.org/,137-50-0481,Hutchinsontown,Niger,Moore-Ball,75:9f:3f:8d:ae:31,196.78.175.143,4444016255753438,2274848021784894,http://www.caldwell-murray.info/,http://martin.biz/privacy/,@edwardsdavid,SEVB25439896198271,+14155552678
22,adamspatricia@example.org,Gary Vega,http://downs.com/,328-88-8094,Debbiestad,Puerto Rico,"Fischer, Sutton and Cohen",c3:ea:59:c0:b2:3a,166.112.33.148,4006771368939973,5592324211422974,https://www.evans.com/category.htm,https://montgomery-holland.info/register/,@barnesvincent,AQRA97727798392337,+14155552679
23,efoster@example.com,Adam Montgomery,http://white.com/,406-07-1629,Connorberg,Cote d'Ivoire,Salas-Johnson,22:a2:d3:4e:64:f1,34.78.144.9,4613300922521294,2710872276879862,http://www.perry.info/category/tag/app/search.asp,https://jackson.org/app/tag/index.php,@hpugh,JFUK90236861648811,+14155552680
24,gomezmary@example.org,Denise Davis,http://kelly.net/,483-25-8586,South Emily,Tonga,Hoffman-Jackson,a2:13:92:d0:2f:e7,77.41.163.184,4881483694544978,5250683379906588,http://www.walker.com/post.php,https://www.flores.com/list/about/,@tiffanybaker,YWZE77336534342959,+34677123456
25,paul54@example.org,Kaylee Peterson,https://brown-holt.com/,672-74-0238,Fullerstad,Costa Rica,"Floyd, Young and Elliott",a2:42:4c:b4:ac:b1,53.76.142.27,4628742793280778,2264920197583186,http://www.reese.com/register/,http://www.humphrey-cohen.com/privacy/,@asmith,VQJU81195250314791,+34666123456
26,brittanyboyd@example.com,Jermaine Adams,http://www.prince.com/,129-93-0495,Cynthiamouth,Paraguay,Yoder LLC,4e:38:fd:8a:b8:c9,178.145.244.87,4468633640980228,2383206884880093,https://jackson-nelson.com/author/,http://www.hall-wilson.com/tag/categories/posts/faq.php,@mharrington,SNTI68642995709209,+34644123456
27,steelejoseph@example.org,Craig Collier,http://yates-johnson.info/,058-61-5041,Perezland,Iraq,Carroll-Gordon,36:1c:21:3f:81:28,214.31.138.95,4266182326861686,2702715411219033,http://www.taylor.com/,https://robertson.info/posts/category/author.htm,@brentblanchard,TXJI72633782532550,+34622123456
28,williamsmichael@example.org,Amanda Reynolds,http://www.rhodes-williams.net/,349-61-1073,East Gloria,Northern Mariana Islands,"Johnson, Watson and Stuart",ab:6a:4a:d6:32:de,116.5.28.111,4683956973471278,2247091603123660,http://www.ward-barnes.com/categories/explore/blog/category.html,https://www.huang.org/search.html,@smoore,FKVF90601033935024,+491771234567
29,rnichols@example.net,Felicia Smith,https://bradshaw.biz/,117-70-5439,Anthonyberg,United States Virgin Islands,Goodman-Johnson,98:2e:e9:25:fa:50,34.67.20.240,4409175133415769,2240067208051750,http://underwood-keith.com/categories/post/,https://www.mason-kirk.info/about.html,@anthony04,MWUY79194322501035,+491661234567
30,swalker@example.net,Paul Johnston,http://roman.biz/,656-49-7652,Lake Dillonview,Turks and Caicos Islands,Chen-Smith,a0:b1:f5:89:a0:9e,14.120.115.73,4967325679387542,2307456890043359,http://www.wilson.com/,https://gray.com/home/,@alan50,RDNY60451173199116,+491441234567
31,wilsonlindsay@example.org,Yvonne Rivera,http://guzman.com/,257-32-9032,Khanbury,United Kingdom,"Pena, Davis and Russo",24:fb:4b:68:37:87,217.64.179.67,4517272594229141,2266242267666280,http://curry.info/,http://morgan.net/category/,@denniskirk,OAUX63389099915036,+491221234567
32,dalesalazar@example.org,Robert Mills,http://www.richards.com/,795-64-0858,Port David,Italy,Lopez and Sons,60:53:96:a3:94:07,219.165.166.110,4953783019913078,2226326997669232,https://lynch.com/blog/categories/register.jsp,https://www.murphy.com/login.html,@kyle85,OCLR64875680854035,+442071838750
33,omitchell@example.com,Walter Smith,https://www.payne.net/,798-79-5983,New Kayla,Niue,Pitts-Boyd,28:01:d0:74:e2:fb,42.115.137.130,4567307888029390,5193746752838221,https://www.keller.biz/faq/,https://patrick.com/tags/about/,@jesse26,XSJC34641031831935,+442080896568
34,fholmes@example.org,Paul Morales,http://williams.com/,654-07-1125,New Aaron,Bouvet Island (Bouvetoya),"Hall, Cook and Johnson",ac:d2:bf:72:d6:94,221.147.81.229,4187533191537767,2268673016233774,https://ballard-monroe.com/main/,https://www.davidson.com/posts/home/,@fosterkimberly,ROCV47508228120025,+442076556271
35,gregnicholson@example.net,Richard Morgan,https://harrison.org/,144-73-5537,Moorefurt,Luxembourg,Turner PLC,ad:22:ad:d2:1b:d0,44.66.48.31,4160850509862773,2257569495847881,https://www.jimenez.net/main/blog/wp-content/main.htm,http://www.willis-russell.info/main.asp,@ahicks,LHCQ89973379341255,+442075499253
36,dwhite@example.net,Kelsey Johnson,https://vaughn.com/,759-21-5085,East Donald,Central African Republic,Acosta-Houston,a8:9f:d5:f0:c4:d5,87.170.74.30,4903124098321670,2344769563887406,https://www.burns.com/home/,http://tate-moore.com/categories/main/blog/category/,@tonya41,OTJU69186349127619,+442080631281
37,sbauer@example.com,Michael Patrick,https://reed-jenkins.com/,304-13-4782,Johnbury,Trinidad and Tobago,"Wolfe, Dawson and Terrell",47:07:e3:42:b4:8f,192.111.169.197,4659823186422524,5556904351271549,https://espinoza.com/main/,https://www.mendez-houston.biz/search.php,@joshua30,VOZJ91402708976099,+442071127027
38,codyramirez@example.net,Amanda Perry DDS,http://white-west.biz/,858-58-0686,Taylorfurt,Bouvet Island (Bouvetoya),"Ramos, Mcclain and Snyder",ce:93:4b:78:00:09,58.164.122.14,4067522282365233,2334377260696401,http://www.duncan-smith.com/app/post.html,http://www.delgado.com/home.php,@sjones,DMWU24835431173804,+442071491154
39,williampaul@example.org,Adam Ramirez,http://strickland-smith.info/,309-81-1419,Michellefort,South Africa,Obrien Inc,27:f1:1f:2a:57:0a,176.251.50.162,4222644095501051,5157033832411236,http://gould.info/search/,https://www.jackson.org/privacy.html,@twalker,BICB40512364753354,+442081338855
40,iharmon@example.org,Tommy Bailey,https://www.johnson-schneider.net/,234-44-8248,Jeffburgh,Canada,Peterson-Wilcox,25:33:a8:31:9c:33,173.232.129.157,4947500164422716,5592428271601680,http://olson.info/app/blog/faq/,https://roberts.biz/privacy.php,@pamelawilliams,DNSH61554905520176,+442070246680
41,steven34@example.net,Andrew Warner,https://www.martinez-miller.net/,762-77-7856,East Cameronstad,Greece,Rodriguez-Duran,24:de:e1:43:91:71,208.119.77.102,4044960170450964,2388757547732951,http://www.shelton-rodriguez.org/categories/about.jsp,http://diaz.com/,@rdyer,JVEQ32603312801255,+442073480775
42,edwardschristopher@example.com,Jack Lewis,https://henry.com/,590-90-6815,Joneshaven,Saint Helena,Green LLC,1a:18:62:57:f6:34,171.10.175.155,4416174441277848,2312634509783382,https://gray-nielsen.info/,http://hernandez.com/wp-content/main/wp-content/homepage/,@huertawayne,RNEX65158263053562,+442072628249
43,jacobsjoseph@example.com,Daniel Arroyo,http://www.barnes-kennedy.com/,595-58-8277,Barkermouth,Korea,Evans PLC,8a:70:f8:c3:73:a9,199.24.142.163,4543434798690563,5558218903833948,https://mcgee.com/explore/tag/app/index/,http://rocha-nunez.org/,@benjamin98,QDXS11874224465434,+442080133535
44,noahmolina@example.com,Carrie Schultz,https://www.mcneil-lewis.info/,520-10-9151,Normanstad,Ireland,"Joseph, Harper and Allen",c9:b3:d4:c9:24:00,186.233.143.239,4554320596829881,5127138856753566,https://www.adams.com/privacy.html,http://www.gonzales.com/,@hailey49,ZWHC98988874565874,+919876543210
45,saraholiver@example.net,Linda James,https://jones.com/,307-60-1591,New Matthew,New Zealand,"Owens, Conley and Lowe",58:5f:c0:b6:1b:3e,193.247.16.169,4176627020457875,5473860649734500,https://www.larsen.biz/,http://acosta.com/about.jsp,@mcguiresteven,GHZO05218050094681,+917987654321
46,paulabradford@example.com,Mike Hartman,http://austin.info/,742-40-3522,East Stephanie,Zimbabwe,"Mcdaniel, Davis and Trevino",b2:4d:89:0d:22:12,183.247.156.87,4532618746230331,2707833464356829,http://www.wright-willis.com/terms/,http://smith.com/terms.htm,@melissawatts,XVXB38312627880379,+918888888888
47,tonya89@example.com,Robert Aguilar,http://ellison-leon.biz/,160-61-7813,North Richard,Togo,Roberts Ltd,96:1c:f0:47:a7:cd,172.237.122.208,4791292563081247,5193408973396667,http://www.davis.org/search/categories/list/main/,https://www.mendoza-lane.com/main/tags/author/,@katherineevans,BGCI53044926557591,+919999999999
48,qgreene@example.net,Ryan Owens,http://wheeler-cook.com/,224-71-1593,Matthewborough,Botswana,Bell-Kelly,bb:6c:8d:f9:f8:13,67.99.149.96,4481864177953048,2262729933967971,http://www.sanders.net/,https://watson-mason.com/explore/blog/category/faq.jsp,@anthony03,XWUU47184421203447,+9123456789
49,fsanchez@example.org,Catherine Whitaker,http://jones.net/,378-14-1807,New William,Bolivia,Mueller-Curtis,84:60:7c:58:27:fd,134.123.3.138,4886461185587172,2260860389527217,https://randolph.biz/category/author.html,https://atkins.com/index.html,@deanharris,ODMW26950997543031,+9143214567
50,stevenryan@example.com,Colin Jones,http://www.rivera.com/,240-16-7542,Jeremychester,France,Cardenas-Gomez,66:cd:d3:31:69:2a,19.188.50.223,4620555932550770,2272293738340163,http://www.harmon.com/main/wp-content/explore/terms/,https://www.bishop.com/category/,@hrose,XKSD72074262972186,+917777777777
51,brettnelson@example.net,David Adams,https://walters.net/,699-33-7474,Dunnside,Sao Tome and Principe,"Hobbs, Austin and Smith",11:81:c3:d0:1c:a3,215.90.196.212,4082637745978645,2687283330444983,https://www.mcdowell.biz/,https://mccoy.biz/about.html,@joshua92,GHIV22279504071640,+919988776655
52,dpineda@example.net,David Dillon,https://perez-edwards.biz/,815-51-7969,Lake Richardfurt,Jordan,"Garcia, Stewart and Lewis",b3:5f:ad:bb:5c:59,92.225.157.147,4634922308603696,2272426826179891,https://www.berg.biz/terms/,https://www.wood-hayes.com/register/,@joshua64,DGFX50168805091023,+92511234567
53,jacobbeck@example.com,Mary Sanders,https://pham.com/,328-44-4650,West Dianafurt,Lesotho,Harris and Sons,87:7c:36:7d:fe:df,174.141.140.244,4297014804701006,5116021971766189,https://cruz.com/explore/home.htm,https://jones.biz/home.php,@xcraig,EXSP73765600226235,+9221112345678
54,jmyers@example.com,Thomas Pope PhD,http://james-hodge.com/,522-09-3966,East Charleschester,Congo,Dawson PLC,81:9d:42:2f:00:27,218.228.173.1,4223422799598858,2519113501724802,https://www.davies-murray.com/home.html,https://gonzalez.com/category/homepage/,@christopherpowell,XENY81626896976269,+923101234567
55,carmenwall@example.net,George Sexton,http://www.manning-jones.org/,034-45-8032,Malloryport,Fiji,"Kelley, Friedman and Robertson",c3:6b:d9:ea:57:9c,181.81.39.148,4230119359277722,2605989440240405,https://sanchez-dickson.org/login.jsp,http://york.com/,@hpearson,FUMW57391414730244,+922101234567
56,willislaurie@example.org,Charles Gonzalez,http://lewis-simpson.info/,757-63-8174,Nixonside,Pakistan,Anderson-Lee,3e:34:13:40:13:fd,209.170.15.137,4296990754965140,2297875574966969,https://lopez-campbell.com/search/app/list/main.html,http://www.sanchez.info/explore/wp-content/homepage/,@vrivera,VOYN82516236342314,+94701234567
57,alexiscarter@example.net,Adam Bennett,http://www.shaw-lee.com/,267-36-6436,New Benjamin,Malaysia,Shah Inc,80:34:86:20:d8:64,195.190.160.157,4888022763048348,2298610849573731,https://www.thomas.com/,http://www.snyder.org/wp-content/search/login/,@harrismarcus,RAFI67830795090336,+94710123456
58,mark90@example.com,Karla Hays,http://sanders.biz/,422-28-5684,Janiceside,Turkey,"Bailey, Murphy and Burns",80:66:2b:98:57:ca,201.91.210.154,4502282985045599,2285005750641921,http://www.logan.com/list/list/author/,https://gonzalez-davis.com/categories/search/explore/home/,@gregory92,SUXR61025520149634,+94721234567
59,bturner@example.org,Samantha Henderson,https://www.ingram-jones.org/,487-84-0095,South Glenbury,Cameroon,"Ramos, Lang and Long",89:fe:72:05:b0:a8,170.150.234.21,4797811102080032,2569142910670107,http://www.smith.com/categories/categories/explore/home.htm,https://wells.info/home.php,@patrick76,GFUM90971302850468,+94731234567
60,brandi86@example.com,Brian Reid,https://www.ramos-anderson.net/,277-06-9128,Nicolestad,Tajikistan,Mitchell Ltd,5c:03:47:19:40:58,203.149.246.51,4928642274280775,5292774267544670,http://warren.com/list/faq.html,http://grant-adams.biz/blog/login.jsp,@englishchelsea,JVZN66930793990577,+94741234567
61,alexanderjohn@example.org,Richard Johnson,https://www.luna.com/,091-17-8282,West Mirandaburgh,Saint Barthelemy,Smith Inc,8e:72:70:d6:44:d6,67.131.115.241,4272317227630259,2234856667350291,http://gross-molina.com/wp-content/search/category/category/,http://www.harvey.net/tag/home/,@henryjoshua,IDJP74881699816071,+94751234567
62,mtyler@example.org,Daniel Steele,http://www.carter.com/,153-34-5580,Port Ashleymouth,Iceland,"Steele, Parker and Khan",98:e8:09:a3:f3:d0,153.112.145.235,4794835308564484,5540244483825469,https://cox.com/search/homepage/,http://simpson-james.com/,@vschneider,IXNB71384435972297,+94761234567
63,michellemorrison@example.net,Luis Proctor,https://www.black.com/,822-01-6999,Fisherbury,Solomon Islands,Scott LLC,de:98:5c:49:84:d0,194.72.4.52,4134615023979350,2279389077209168,http://clarke-garrett.com/tag/blog/author.jsp,http://carter-mccarthy.com/app/tag/categories/post.asp,@chuffman,CGBW19738957955668,+94771234567
64,danielsmarcia@example.org,Erik Lane,https://miller.com/,828-99-0646,Lake Bridget,Saint Vincent and the Grenadines,Vargas-Rivera,b5:f0:40:90:a6:79,121.175.128.76,4105680705332299,2268432911123790,https://www.daniel.com/homepage.htm,http://www.taylor-graves.com/app/register/,@robert43,QLEQ16259443030001,+94781234567
65,mccoymichael@example.net,Heather Branch,http://www.camacho.org/,010-32-5877,Brittanytown,Grenada,Hester LLC,29:a1:69:3d:8b:c1,173.132.65.176,4996505219427073,2272754471722578,http://www.morales.com/,https://www.jennings.com/,@zhangashley,ICKR35692703988189,+94791234567
66,olopez@example.net,Jeremy King,http://www.gomez.com/,557-68-8800,Cruzburgh,Saint Martin,"White, Sparks and Schmidt",de:2a:ff:c5:ed:81,74.237.174.135,4890882158899381,2571088223277138,http://www.carpenter.com/list/posts/post/,http://www.mitchell-keller.com/explore/category/home/,@williamspatricia,ZECL99009425625011,+60161234567
67,juliecervantes@example.com,Tara Garcia,http://www.lloyd.com/,414-19-4348,Stephanieside,Bahrain,Brown and Sons,3b:8b:a2:df:62:a3,205.161.255.103,4759519450825975,2666672293593163,https://wright-kidd.biz/,https://powell.biz/homepage/,@cassandramorales,LILD57307264873434,+60121234567
68,john01@example.net,Mr. Joseph Cunningham,http://www.willis.com/,177-37-7926,East Jimmy,Liberia,"Young, Phillips and Montoya",f0:b1:dc:80:23:e7,109.143.82.10,4234549100834015,2541059924904335,http://www.rice-wyatt.net/index/,https://frank.com/explore/main.htm,@robert79,HLAJ33338745804251,+60191234567
69,brooksmargaret@example.org,Brian Baker,http://lawson.com/,420-69-0772,Micheleburgh,San Marino,"Adams, Williams and Jones",4e:8e:53:79:3a:0f,210.153.74.215,4319933471108100,2255318987564097,https://www.fletcher.org/tags/main/,https://www.manning.biz/,@laura18,KQTO10504685026925,+60201234567
70,linda60@example.org,Donna Rollins,https://www.ramsey.org/,145-24-9487,Jesseton,Saint Vincent and the Grenadines,Walker-Gonzales,bf:79:03:49:b8:c5,19.79.241.110,4943671287711568,2231173086493980,https://richardson.net/category/search/,http://www.jones.com/blog/author/,@mario68,ALSE73292274101348,+6598765432
71,heiditaylor@example.com,Christopher Bowman,http://richardson.com/,481-36-9409,Reginaldview,Somalia,Doyle-Manning,a4:d5:3b:23:01:02,169.0.194.175,4037381294018141,5206812837461143,http://morales.biz/blog/categories/privacy.php,http://www.phillips.com/search.php,@danielschristine,ZAOI57619306066938,+6512345678
72,jon74@example.net,Kim Stephens,https://rogers-garcia.com/,462-05-9167,Wellsview,Ethiopia,Duncan-Martin,00:5f:70:0b:26:7e,192.68.23.180,4305353193102693,2701355394343467,http://www.carter.com/,http://miller-short.com/privacy.html,@michaelhernandez,XUYB86254884703264,+6577777777
73,lmitchell@example.net,Heather Wagner,http://www.english.com/,003-56-3408,Hortonstad,Canada,Turner-Marsh,fa:42:9b:0d:f3:f4,3.153.34.194,4082747308117125,2378798920317236,https://www.moore.com/categories/about.htm,https://lee.com/search/,@newtonamber,LVIT37847031606997,+6566666666
74,marvin47@example.com,Alicia Jimenez,https://curtis.info/,070-45-7165,North Veronicafurt,United Kingdom,Phillips-Stafford,78:5c:20:11:8f:00,4.21.179.255,4904022663664160,2456206704984853,https://www.butler-esparza.org/wp-content/about.htm,http://www.mcdonald.net/tags/search/main/author/,@katrina99,DDSL47472603586797,+6588888888
75,lquinn@example.net,Haley Wyatt,https://www.liu.biz/,620-02-9855,West Christopherville,Jamaica,Russell-Fry,aa:c2:6f:d2:69:36,145.232.193.101,4079247526631937,2244165800484217,http://www.nunez-buchanan.info/,https://hunt.com/main/,@tylerdavis,SKBZ88591904743141,+622184574637
76,sean25@example.org,Sheila Mayer,http://www.taylor.com/,508-07-2253,Andreashire,Korea,Leonard PLC,64:c1:f7:e5:6a:ac,124.222.194.62,4237902974351474,5112598023278259,https://www.reese.com/,http://www.ross-campbell.com/categories/tags/main/main/,@susanpoole,DTLL97565747080114,+622184574638
77,katherinewright@example.org,Michael Caldwell,https://johnson-powell.com/,086-53-5469,New Tammy,Czech Republic,"Edwards, Santiago and Ramirez",42:d3:6b:a5:e9:d2,63.197.183.84,4010719942839197,5376914818723121,https://www.soto.info/tag/login/,http://www.williams-clark.info/privacy.htm,@lance39,GWRU84903190259465,+622184574639
78,jmitchell@example.com,Jill Shaw,https://brown-horn.info/,710-77-5277,Lopezhaven,Jordan,"Rose, Rodriguez and Miller",81:c2:c4:5b:44:82,146.76.33.112,4805496785818435,2286737704054467,https://www.bennett-rush.com/,http://www.johns-coffey.org/search/,@davidfernandez,UEMA58780945628073,+628111111111
79,camacholeonard@example.net,Joshua Parker,http://delgado-molina.com/,773-43-3357,Millermouth,Qatar,Hanson Inc,88:12:ad:ee:72:26,84.70.179.101,4075163168262127,2594235155225782,https://www.reyes.com/list/register/,http://phillips.com/,@robrien,UQCX09678596730544,+628222222222
80,joneslinda@example.org,Mackenzie Rodriguez,http://www.evans-wright.info/,667-69-9127,East Craig,Trinidad and Tobago,"Ford, Salazar and Leonard",25:f2:44:cd:b3:ba,73.219.105.23,4864021175845760,5409461219459930,http://berry-lopez.com/main.html,https://www.murray.com/category/,@rlee,EKIZ17419622993056,+628333333333
81,douglas48@example.org,Bradley Cameron,http://www.carpenter-edwards.org/,642-45-5387,Powellmouth,Turkmenistan,"Morris, Moreno and Holmes",b6:80:7e:92:07:b9,78.65.57.170,4961951155234423,5299008304044383,https://harvey.info/tags/post.htm,http://farmer.com/blog/terms/,@blloyd,PYYP92743803762184,+628444444444
82,wriley@example.org,Brooke Chambers,http://phillips.com/,808-81-8040,Connieshire,Marshall Islands,Perez PLC,f2:fa:62:18:28:31,223.210.79.17,4578262688504265,2235272197603655,http://collins.com/post/,https://www.white.com/wp-content/privacy/,@heather41,FOQQ64340551926265,+628555555555
83,andrewharris@example.com,Andrew Alvarez,http://www.duran-arnold.com/,364-99-2580,Colleenberg,Latvia,"Frazier, Humphrey and Long",04:7b:97:a4:a1:54,137.180.206.152,4556997931015371,2298443711140136,https://gates.biz/list/blog/tags/about.html,https://www.fritz.net/,@castillojack,DVTP48109219362298,+8801812345678
84,shannon72@example.com,Kathleen Steele,http://www.wilson.com/,850-26-1481,South Jamesport,Senegal,Johnson-Jordan,35:76:0f:bd:d7:4c,216.95.31.198,4741241053257321,2275297204167981,https://www.stout-phillips.com/category/tag/app/homepage.html,http://smith.com/categories/about/,@crystal99,QCGE31160709209615,+8801812345679
85,rbryant@example.net,Travis Walters,http://moss.biz/,065-49-4263,Johnsonport,Latvia,Little PLC,8d:1f:6f:2e:4e:04,136.146.49.183,4180441085599116,5285822194084267,https://sanders-wright.biz/tags/app/app/homepage.asp,https://obrien.net/main/terms/,@wrightkaren,CJAF57056506605885,+8801812345680
86,amy51@example.org,Pamela Logan,http://arias.com/,782-79-8643,Lake Steveview,China,Williams Group,9a:12:bc:4b:f8:3b,203.55.35.249,4205794505294499,5137484480483479,http://www.reyes.com/search/,https://diaz.net/,@yrodgers,BWWU25926978984945,+8801812345681
87,michael89@example.net,Tonya Hamilton,https://burke.com/,784-07-9515,Carrchester,Peru,"Wood, Jones and Mills",6d:b5:13:77:3e:fc,218.53.53.191,4350627389220946,2248357807600640,http://www.price.org/faq.html,https://carey.com/categories/blog/category/faq.jsp,@luis68,ERPT35741095694598,+8801812345682
88,klinepatricia@example.net,Johnathan Harrison,https://www.bailey.org/,177-89-6994,Adamsmouth,Jamaica,"Stewart, Pennington and Johnson",f8:97:79:b6:fa:95,202.230.9.173,4075654949026575,2719203716096563,http://www.heath.com/login/,http://riley.com/about.html,@ambertorres,ZIGT65066488037038,+8801812345683
89,barneserin@example.org,David Fritz,https://www.frey-baird.com/,625-86-1320,New Tammyville,Dominica,Haas Group,da:74:99:32:44:be,137.75.242.4,4823963649288517,2251529364205377,http://rogers.info/author.htm,http://guerra.org/search/,@jeremiahfoster,JOPA76794248317383,+8801812345684
90,stacey66@example.com,Jennifer Cannon MD,http://www.ramos-diaz.com/,219-36-1813,South Rachelhaven,Norway,"Mcpherson, Wong and Sweeney",78:77:8d:10:23:d0,140.191.113.41,4839756664765993,2270377924849582,https://www.smith-curry.com/,https://www.mullen.com/main.asp,@pbrooks,OIRK36747677847693,+8801812345685
91,randyjohnson@example.net,Jill Yu,http://ellis-james.biz/,370-16-2136,Tomfort,United States Minor Outlying Islands,Clark and Sons,db:89:ad:ae:49:36,206.140.135.150,4931446823571527,2292263811137006,http://peterson.com/,https://grant.net/post.htm,@donaldyoung,PIPM04589665814077,+8801812345686
92,carolmendez@example.org,Tyler Stewart,http://www.garcia.com/,809-31-5985,Mannport,Macedonia,"Collins, Cole and Hardy",1b:56:21:96:ed:5b,196.41.115.79,4975309332105665,5228342403134126,http://ellis.com/main.html,https://rivera.com/search/wp-content/index.php,@christopher42,SEPQ25041607601108,+8801812345687
93,danielle66@example.com,Curtis Pierce,https://smith.com/,030-87-6586,Port Margaret,Vietnam,Weber-Soto,f1:68:2c:53:9b:eb,106.204.144.45,4527109240892294,5335022630014586,https://hobbs.com/,http://sanchez.com/app/wp-content/main/homepage.php,@mccormickrobert,BXVH21896979952989,+9779851045984
94,ronald54@example.com,Jennifer Grant,http://www.byrd-smith.com/,393-80-4190,Martinezview,Bangladesh,"Smith, Smith and Gallagher",a1:a3:7e:07:98:f7,124.164.254.125,4083969406581114,2720114443598887,https://perez.com/,http://davis.org/,@bharrison,BQYF91517530113475,+9779849202424
95,villanuevasusan@example.net,Chelsea Joseph,http://www.smith.org/,750-37-4707,Simmonsfort,United Kingdom,Clark-Huerta,85:07:9f:d4:bf:5e,157.123.61.8,4889923841513428,2222223420754190,http://www.chan.com/,http://bell-hart.com/,@meyergregg,TZEE00001996802042,+9779851149968
96,michaeldean@example.net,Melanie Williams,http://www.horne.org/,370-31-2502,New Larrytown,Andorra,"Henderson, Rhodes and Heath",d4:1d:63:80:28:09,212.51.177.144,4670034100723147,2706778491945584,http://www.shaw.com/register/,https://hurst.com/tag/main/author.php,@barrerasteven,KDHP40680666402882,+9779851140124
97,joshuaparker@example.com,Nicholas Campbell,http://www.watts.org/,088-64-1622,Morriston,Latvia,"Arroyo, Phillips and Martin",23:74:ee:a3:6c:c9,197.166.92.33,4004823915453768,2573207837002934,https://www.wood.com/author.html,http://www.becker-thornton.info/,@lopezkayla,XYFE50276013719864,+9779812345678
98,kimberly87@example.org,Stacy Patel,https://thompson-kirby.com/,697-99-2872,Walkerville,Myanmar,"Mills, Martinez and Martin",d2:a5:21:59:69:5e,87.150.254.242,4219325094276763,2270871453347356,https://www.tate.com/,http://www.washington-smith.com/,@carsonvictoria,SQRJ79809430042552,+9779851140124
99,osbornesteven@example.com,Angela Smith,http://www.bowers.com/,065-16-6693,South Kimberly,Rwanda,West LLC,b7:5e:c3:22:01:00,180.85.155.113,4286973261168749,2277257456480878,http://www.navarro.info/app/author.php,http://baker.com/tags/login.php,@craig18,HGRZ99104378884728,+9779812345678
