,SSN,Master Visa Cards,IFSC,National ID,Passport No,Telegram Profiles,Twitter Profiles,LinkedIn Profiles,Instagram Profiles,URLs,Geographic Locations,Locations
0,,,,,,,,,,https://evans-vincent.com/,Yemen,
1,,,,,,,,,,https://evans-vincent.com/,Washington,
2,,,,,,,,,,https://evans-vincent.com/,New Jasonhaven,
3,,,,,,,,,,https://evans-vincent.com/,Arkansas,
4,,,,,,,,,,https://evans-vincent.com/,Cambodia,
5,,,,,,,,,,https://evans-vincent.com/,New Michelleshire,
6,,,,,,,,,,https://evans-vincent.com/,Arizona,
7,,,,,,,,,,https://evans-vincent.com/,,
8,,,,,,,,,,https://evans-vincent.com/,,
9,,,,,,,,,,https://evans-vincent.com/,,
10,,,,,,,,,,https://evans-vincent.com/,,
11,,,,,,,,,,https://evans-vincent.com/,,
12,,,,,,,,,,https://evans-vincent.com/,,
13,,,,,,,,,,https://evans-vincent.com/,,
14,,,,,,,,,,https://evans-vincent.com/,,
15,,,,,,,,,,https://fischer.biz/,,
16,,,,,,,,,,https://fischer.biz/,,
17,,,,,,,,,,https://fischer.biz/,,
18,,,,,,,,,,https://fischer.biz/,,
19,,,,,,,,,,https://fischer.biz/,,
20,,,,,,,,,,https://fischer.biz/,,
21,,,,,,,,,,https://fischer.biz/,,
22,,,,,,,,,,https://fischer.biz/,,
23,,,,,,,,,,https://fischer.biz/,,
24,,,,,,,,,,https://fischer.biz/,,
25,,,,,,,,,,https://fischer.biz/,,
26,,,,,,,,,,https://fischer.biz/,,
27,,,,,,,,,,https://fischer.biz/,,
28,,,,,,,,,,https://fischer.biz/,,
29,,,,,,,,,,https://fischer.biz/,,
30,,,,,,,,,,https://www.robbins-gould.com/,,
31,,,,,,,,,,https://www.robbins-gould.com/,,
32,,,,,,,,,,https://www.robbins-gould.com/,,
33,,,,,,,,,,https://www.robbins-gould.com/,,
34,,,,,,,,,,https://www.robbins-gould.com/,,
35,,,,,,,,,,https://www.robbins-gould.com/,,
36,,,,,,,,,,https://www.robbins-gould.com/,,
37,,,,,,,,,,https://www.robbins-gould.com/,,
38,,,,,,,,,,https://www.robbins-gould.com/,,
39,,,,,,,,,,https://www.robbins-gould.com/,,
40,,,,,,,,,,https://www.robbins-gould.com/,,
41,,,,,,,,,,https://www.robbins-gould.com/,,
42,,,,,,,,,,https://www.robbins-gould.com/,,
43,,,,,,,,,,https://www.robbins-gould.com/,,
44,,,,,,,,,,https://www.robbins-gould.com/,,
45,,,,,,,,,,http://hanna.com/,,
46,,,,,,,,,,http://hanna.com/,,
47,,,,,,,,,,http://hanna.com/,,
48,,,,,,,,,,http://hanna.com/,,
49,,,,,,,,,,http://hanna.com/,,
50,,,,,,,,,,http://hanna.com/,,
51,,,,,,,,,,http://hanna.com/,,
52,,,,,,,,,,http://hanna.com/,,
53,,,,,,,,,,http://hanna.com/,,
54,,,,,,,,,,http://hanna.com/,,
55,,,,,,,,,,http://hanna.com/,,
56,,,,,,,,,,http://hanna.com/,,
57,,,,,,,,,,http://hanna.com/,,
58,,,,,,,,,,http://hanna.com/,,
59,,,,,,,,,,http://hanna.com/,,
60,,,,,,,,,,http://weber.com/,,
61,,,,,,,,,,http://weber.com/,,
62,,,,,,,,,,http://weber.com/,,
63,,,,,,,,,,http://weber.com/,,
64,,,,,,,,,,http://weber.com/,,
65,,,,,,,,,,http://weber.com/,,
66,,,,,,,,,,http://weber.com/,,
67,,,,,,,,,,http://weber.com/,,
68,,,,,,,,,,http://weber.com/,,
69,,,,,,,,,,http://weber.com/,,
70,,,,,,,,,,http://weber.com/,,
71,,,,,,,,,,http://weber.com/,,
72,,,,,,,,,,http://weber.com/,,
73,,,,,,,,,,http://weber.com/,,
74,,,,,,,,,,http://weber.com/,,
75,,,,,,,,,,http://phillips.com/,,
76,,,,,,,,,,http://phillips.com/,,
77,,,,,,,,,,http://phillips.com/,,
78,,,,,,,,,,http://phillips.com/,,
79,,,,,,,,,,http://phillips.com/,,
80,,,,,,,,,,http://phillips.com/,,
81,,,,,,,,,,http://phillips.com/,,
82,,,,,,,,,,http://phillips.com/,,
83,,,,,,,,,,http://phillips.com/,,
84,,,,,,,,,,http://phillips.com/,,
85,,,,,,,,,,http://phillips.com/,,
86,,,,,,,,,,http://phillips.com/,,
87,,,,,,,,,,http://phillips.com/,,
88,,,,,,,,,,http://phillips.com/,,
89,,,,,,,,,,http://phillips.com/,,
90,,,,,,,,,,https://www.mathis-alvarez.com/,,
91,,,,,,,,,,https://www.mathis-alvarez.com/,,
92,,,,,,,,,,https://www.mathis-alvarez.com/,,
93,,,,,,,,,,https://www.mathis-alvarez.com/,,
94,,,,,,,,,,https://www.mathis-alvarez.com/,,
95,,,,,,,,,,https://www.mathis-alvarez.com/,,
96,,,,,,,,,,https://www.mathis-alvarez.com/,,
97,,,,,,,,,,https://www.mathis-alvarez.com/,,
98,,,,,,,,,,https://www.mathis-alvarez.com/,,
99,,,,,,,,,,https://www.mathis-alvarez.com/,,
100,,,,,,,,,,https://www.mathis-alvarez.com/,,
101,,,,,,,,,,https://www.mathis-alvarez.com/,,
102,,,,,,,,,,https://www.mathis-alvarez.com/,,
103,,,,,,,,,,https://www.mathis-alvarez.com/,,
104,,,,,,,,,,https://www.mathis-alvarez.com/,,
105,,,,,,,,,,http://www.ryan.com/,,
106,,,,,,,,,,http://www.ryan.com/,,
107,,,,,,,,,,http://www.ryan.com/,,
108,,,,,,,,,,http://www.ryan.com/,,
109,,,,,,,,,,http://www.ryan.com/,,
110,,,,,,,,,,http://www.ryan.com/,,
111,,,,,,,,,,http://www.ryan.com/,,
112,,,,,,,,,,http://www.ryan.com/,,
113,,,,,,,,,,http://www.ryan.com/,,
114,,,,,,,,,,http://www.ryan.com/,,
115,,,,,,,,,,http://www.ryan.com/,,
116,,,,,,,,,,http://www.ryan.com/,,
117,,,,,,,,,,http://www.ryan.com/,,
118,,,,,,,,,,http://www.ryan.com/,,
119,,,,,,,,,,http://www.ryan.com/,,
120,,,,,,,,,,https://gordon.com/,,
121,,,,,,,,,,https://gordon.com/,,
122,,,,,,,,,,https://gordon.com/,,
123,,,,,,,,,,https://gordon.com/,,
124,,,,,,,,,,https://gordon.com/,,
125,,,,,,,,,,https://gordon.com/,,
126,,,,,,,,,,https://gordon.com/,,
127,,,,,,,,,,https://gordon.com/,,
128,,,,,,,,,,https://gordon.com/,,
129,,,,,,,,,,https://gordon.com/,,
130,,,,,,,,,,https://gordon.com/,,
131,,,,,,,,,,https://gordon.com/,,
132,,,,,,,,,,https://gordon.com/,,
133,,,,,,,,,,https://gordon.com/,,
134,,,,,,,,,,https://gordon.com/,,
135,,,,,,,,,,http://wood-pitts.info/,,
136,,,,,,,,,,http://wood-pitts.info/,,
137,,,,,,,,,,http://wood-pitts.info/,,
138,,,,,,,,,,http://wood-pitts.info/,,
139,,,,,,,,,,http://wood-pitts.info/,,
140,,,,,,,,,,http://wood-pitts.info/,,
141,,,,,,,,,,http://wood-pitts.info/,,
142,,,,,,,,,,http://wood-pitts.info/,,
143,,,,,,,,,,http://wood-pitts.info/,,
144,,,,,,,,,,http://wood-pitts.info/,,
145,,,,,,,,,,http://wood-pitts.info/,,
146,,,,,,,,,,http://wood-pitts.info/,,
147,,,,,,,,,,http://wood-pitts.info/,,
148,,,,,,,,,,http://wood-pitts.info/,,
149,,,,,,,,,,http://wood-pitts.info/,,
